roll_no,name,sub_1,sub_2,sub_3,per %
100,anurag,99,89,95,94.33333333333333
101,ahana,45,85,96,75.33333333333333
102,deepika,15,60,30,35
104,aman,57,84,66,69
